factory,company,location,website,species,capacity,certifications,byproduct,confidence_species,confidence_capacity,confidence_certifications,confidence_byproduct,evidence_urls,notes,cfia_ref
Westward Seafoods - Captains Bay Plant,"Westward Seafoods, Inc.","Captains Bay Road, PO Box 920608, Dutch Harbor, Alaska 99692, USA",https://www.westwardseafoods.com/,"Crab, Halibut, Cod",Unknown,Unknown,YES (Collagen/Gelatin),HIGH,LOW,LOW,HIGH,https://www.westwardseafoods.com,Verified from website text extraction,
Trident Seafoods - Wrangell Plant,Trident Seafoods,"641 Shakes St, PO Box 908, Wrangell, Alaska 99929, USA",https://www.tridentseafoods.com/,"Salmon, Crab, Cod",Unknown,Unknown,Unknown,HIGH,LOW,LOW,LOW,https://www.tridentseafoods.com | https://www.tridentseafoods.com/products | https://www.tridentseafoods.com/product | https://www.tridentseafoods.com/our-products | https://www.tridentseafoods.com/certifications | https://www.tridentseafoods.com/certification,Verified from website text extraction,
Trident Seafoods - St. Paul Plant,Trident Seafoods,"1027 Harbor Road, PO Box 909, St. Paul, Alaska 99660, USA",https://www.tridentseafoods.com/,"Salmon, Crab, Cod",Unknown,Unknown,Unknown,HIGH,LOW,LOW,LOW,https://www.tridentseafoods.com | https://www.tridentseafoods.com/products | https://www.tridentseafoods.com/product | https://www.tridentseafoods.com/our-products | https://www.tridentseafoods.com/certifications | https://www.tridentseafoods.com/certification,Verified from website text extraction,
Trident Seafoods - Seattle Pier 91 R&D,Trident Seafoods,"2001 W Garfield St, Bldg 391, Seattle, Washington 98119, USA",https://www.tridentseafoods.com/,"Salmon, Crab, Cod",Unknown,Unknown,Unknown,HIGH,LOW,LOW,LOW,https://www.tridentseafoods.com | https://www.tridentseafoods.com/products | https://www.tridentseafoods.com/product | https://www.tridentseafoods.com/our-products | https://www.tridentseafoods.com/certifications | https://www.tridentseafoods.com/certification,Verified from website text extraction,
Trident Seafoods - Sand Point Plant,Trident Seafoods,"229 Main Street, PO Box 229, Sand Point, Alaska 99661, USA",https://www.tridentseafoods.com/,"Salmon, Crab, Cod",Unknown,Unknown,Unknown,HIGH,LOW,LOW,LOW,https://www.tridentseafoods.com | https://www.tridentseafoods.com/products | https://www.tridentseafoods.com/product | https://www.tridentseafoods.com/our-products | https://www.tridentseafoods.com/certifications | https://www.tridentseafoods.com/certification,Verified from website text extraction,
Trident Seafoods - North Naknek Plant,Trident Seafoods,"1/2 Mile Post Peninsula Way, PO Box 139, Naknek, Alaska 99633, USA",https://www.tridentseafoods.com/,"Salmon, Crab, Cod",Unknown,Unknown,Unknown,HIGH,LOW,LOW,LOW,https://www.tridentseafoods.com | https://www.tridentseafoods.com/products | https://www.tridentseafoods.com/product | https://www.tridentseafoods.com/our-products | https://www.tridentseafoods.com/certifications | https://www.tridentseafoods.com/certification,Verified from website text extraction,
Trident Seafoods - Motley Facility,Trident Seafoods,"1348 US-10, Motley, Minnesota 56466, USA",https://www.tridentseafoods.com/,"Salmon, Crab, Cod",Unknown,Unknown,Unknown,HIGH,LOW,LOW,LOW,https://www.tridentseafoods.com | https://www.tridentseafoods.com/products | https://www.tridentseafoods.com/product | https://www.tridentseafoods.com/our-products | https://www.tridentseafoods.com/certifications | https://www.tridentseafoods.com/certification,Verified from website text extraction,
Trident Seafoods - Everett Facility,Trident Seafoods,"1930 Merrill Creek Pkwy B, Everett, Washington 98203, USA",https://www.tridentseafoods.com/,"Salmon, Crab, Cod",Unknown,Unknown,Unknown,HIGH,LOW,LOW,LOW,https://www.tridentseafoods.com | https://www.tridentseafoods.com/products | https://www.tridentseafoods.com/product | https://www.tridentseafoods.com/our-products | https://www.tridentseafoods.com/certifications | https://www.tridentseafoods.com/certification,Verified from website text extraction,
Trident Seafoods - Dutch Harbor Support Center,Trident Seafoods,"1836 Ballyhoo Road, PO Box 920048, Dutch Harbor, Alaska 99692, USA",https://www.tridentseafoods.com/,"Salmon, Crab, Cod",Unknown,Unknown,Unknown,HIGH,LOW,LOW,LOW,https://www.tridentseafoods.com | https://www.tridentseafoods.com/products | https://www.tridentseafoods.com/product | https://www.tridentseafoods.com/our-products | https://www.tridentseafoods.com/certifications | https://www.tridentseafoods.com/certification,Verified from website text extraction,
Trident Seafoods - Cordova Plant,Trident Seafoods,"301 Jim Poor Ave, Cordova, Alaska 99574, USA",https://www.tridentseafoods.com/,"Salmon, Crab, Cod",Unknown,Unknown,Unknown,HIGH,LOW,LOW,LOW,https://www.tridentseafoods.com | https://www.tridentseafoods.com/products | https://www.tridentseafoods.com/product | https://www.tridentseafoods.com/our-products | https://www.tridentseafoods.com/certifications | https://www.tridentseafoods.com/certification,Verified from website text extraction,
Trident Seafoods - Carrollton Facility,Trident Seafoods,"100 Jerry Dowd Drive, Carrollton, Georgia 30117, USA",https://www.tridentseafoods.com/,"Salmon, Crab, Cod",Unknown,Unknown,Unknown,HIGH,LOW,LOW,LOW,https://www.tridentseafoods.com | https://www.tridentseafoods.com/products | https://www.tridentseafoods.com/product | https://www.tridentseafoods.com/our-products | https://www.tridentseafoods.com/certifications | https://www.tridentseafoods.com/certification,Verified from website text extraction,
Trident Seafoods - Bellingham Facility,Trident Seafoods,"2825 Roeder Ave, Bellingham, Washington 98225, USA",https://www.tridentseafoods.com/,"Salmon, Crab, Cod",Unknown,Unknown,Unknown,HIGH,LOW,LOW,LOW,https://www.tridentseafoods.com | https://www.tridentseafoods.com/products | https://www.tridentseafoods.com/product | https://www.tridentseafoods.com/our-products | https://www.tridentseafoods.com/certifications | https://www.tridentseafoods.com/certification,Verified from website text extraction,
Trident Seafoods - Anchorage Support Center,Trident Seafoods,"717 K Street, Suite 100, Anchorage, Alaska 99501, USA",https://www.tridentseafoods.com/,"Salmon, Crab, Cod",Unknown,Unknown,Unknown,HIGH,LOW,LOW,LOW,https://www.tridentseafoods.com | https://www.tridentseafoods.com/products | https://www.tridentseafoods.com/product | https://www.tridentseafoods.com/our-products | https://www.tridentseafoods.com/certifications | https://www.tridentseafoods.com/certification,Verified from website text extraction,
Trident Seafoods - Anacortes Facility,Trident Seafoods,"1400 4th St, Anacortes, Washington 98221, USA",https://www.tridentseafoods.com/,"Salmon, Crab, Cod",Unknown,Unknown,Unknown,HIGH,LOW,LOW,LOW,https://www.tridentseafoods.com | https://www.tridentseafoods.com/products | https://www.tridentseafoods.com/product | https://www.tridentseafoods.com/our-products | https://www.tridentseafoods.com/certifications | https://www.tridentseafoods.com/certification,Verified from website text extraction,
Trident Seafoods - Akutan Plant,Trident Seafoods,"73 Trident Way, PO Box 9, Akutan, Alaska 99553, USA",https://www.tridentseafoods.com/,"Salmon, Crab, Cod",Unknown,Unknown,Unknown,HIGH,LOW,LOW,LOW,https://www.tridentseafoods.com | https://www.tridentseafoods.com/products | https://www.tridentseafoods.com/product | https://www.tridentseafoods.com/our-products | https://www.tridentseafoods.com/certifications | https://www.tridentseafoods.com/certification,Verified from website text extraction,
Bumble Bee Seafoods - Santa Fe Springs,The Bumble Bee Seafood Company,"13100 Arctic Circle, Santa Fe Springs, California 90670-5508, USA",https://thebumblebeecompany.com/,Tuna,Unknown,Unknown,Unknown,HIGH,LOW,LOW,LOW,https://thebumblebeecompany.com,Verified from website text extraction,
Silver Bay Seafoods - Wood River,Silver Bay Seafoods,"3700 Yako Road, Dillingham, Alaska 99576, USA",https://www.silverbayseafoods.com/,Salmon,Unknown,Unknown,Unknown,HIGH,LOW,LOW,LOW,https://www.silverbayseafoods.com | https://www.silverbayseafoods.com/products,Verified from website text extraction,
Silver Bay Seafoods - Naknek West,Silver Bay Seafoods,"Mile One-Half AK Peninsula, Naknek, Alaska 99633, USA",https://www.silverbayseafoods.com/,Salmon,Unknown,Unknown,Unknown,HIGH,LOW,LOW,LOW,https://www.silverbayseafoods.com | https://www.silverbayseafoods.com/products,Verified from website text extraction,
Silver Bay Seafoods - Naknek East,Silver Bay Seafoods,"622 Frontier Drive, Naknek, Alaska 99633, USA",https://www.silverbayseafoods.com/,Salmon,Unknown,Unknown,Unknown,HIGH,LOW,LOW,LOW,https://www.silverbayseafoods.com | https://www.silverbayseafoods.com/products,Verified from website text extraction,
Silver Bay Seafoods - Dillingham,Silver Bay Seafoods,"1 Denny Way, Dillingham, Alaska 99576, USA",https://www.silverbayseafoods.com/,Salmon,Unknown,Unknown,Unknown,HIGH,LOW,LOW,LOW,https://www.silverbayseafoods.com | https://www.silverbayseafoods.com/products,Verified from website text extraction,
Ocean Beauty Seafoods - Boise,Ocean Beauty Seafoods,"4800 W Irving Street, Boise, Idaho 83706, USA",https://www.oceanbeauty.com/,"Multi-species seafood (Salmon, Lobster, Crab, Shrimp/Prawn, Tuna, Halibut, Cod)",Unknown,Unknown,Unknown,MEDIUM,LOW,LOW,LOW,https://www.oceanbeauty.com | https://www.oceanbeauty.com/products | https://www.oceanbeauty.com/product | https://www.oceanbeauty.com/our-products,Verified from website text extraction,
American Seafoods - Alaska Office,"American Seafoods Co., LLC","1362 Ballyhoo Road, Dutch Harbor, Alaska 99692, USA",https://www.americanseafoods.com/,Cod,Unknown,Unknown,Unknown,HIGH,LOW,LOW,LOW,https://www.americanseafoods.com | https://www.americanseafoods.com/our-products,Verified from website text extraction,
Alaska General Seafoods - Naknek Plant,Alaska General Seafoods,"Mile 1 Alaska Peninsula Hwy, PO Box 149, Naknek, Alaska 99633, USA",https://www.akgen.com/,Salmon,Unknown,Unknown,Unknown,HIGH,LOW,LOW,LOW,https://www.akgen.com | https://www.akgen.com/products,Verified from website text extraction,
Alaska General Seafoods - Ketchikan Plant,Alaska General Seafoods,"980 Stedman Street, PO Box 5240, Ketchikan, Alaska 99901, USA",https://www.akgen.com/,Salmon,Unknown,Unknown,Unknown,HIGH,LOW,LOW,LOW,https://www.akgen.com | https://www.akgen.com/products,Verified from website text extraction,
Pacific Group Transport (Clackamas),Pacific Seafood,"16797 SE 130th Avenue, Clackamas, Oregon 97015, USA",https://www.pacificseafood.com/,Unknown,Unknown,Unknown,Unknown,LOW,LOW,LOW,LOW,,Website found but pages not extractable / too thin,
Pacific Bio Products – Warrenton,Pacific Seafood,"1935 NW Warrenton Dr, Warrenton, Oregon 97146, USA",https://www.pacificseafood.com/,Unknown,Unknown,Unknown,Unknown,LOW,LOW,LOW,LOW,,Website found but pages not extractable / too thin,
Pacific Bio Products – Newport,Pacific Seafood,"1310 SE Bay Blvd, Newport, Oregon 97365, USA",https://www.pacificseafood.com/,Unknown,Unknown,Unknown,Unknown,LOW,LOW,LOW,LOW,,Website found but pages not extractable / too thin,
Pacific Aquaculture – Shelton,Pacific Seafood,"2821 N Sunnyside Rd, Shelton, Washington 98584, USA",https://www.pacificseafood.com/,Unknown,Unknown,Unknown,Unknown,LOW,LOW,LOW,LOW,,Website found but pages not extractable / too thin,
Pacific Aquaculture – Nespelem,Pacific Seafood,"3378 Columbia River Rd, Nespelem, Washington 99155, USA",https://www.pacificseafood.com/,Unknown,Unknown,Unknown,Unknown,LOW,LOW,LOW,LOW,,Website found but pages not extractable / too thin,
Pacific Aquaculture – Boxley Springs (North Bend),Pacific Seafood,"46710 SE 161st Street, North Bend, Oregon 97045, USA",https://www.pacificseafood.com/,Unknown,Unknown,Unknown,Unknown,LOW,LOW,LOW,LOW,,Website found but pages not extractable / too thin,
Snow's (Bumble Bee) - Cape May,The Bumble Bee Seafood Company,"994 Ocean Dr, Cape May, New Jersey 08204-5400, USA",https://thebumblebeecompany.com/,Tuna,Unknown,Unknown,Unknown,HIGH,LOW,LOW,LOW,https://thebumblebeecompany.com,Verified from website text extraction,
StarKist Samoa Tuna Cannery,StarKist Co.,"368 Atu’u Road, Pago Pago, American Samoa 96799, USA",https://starkist.com/,"Salmon, Tuna",Unknown,Unknown,Unknown,HIGH,LOW,LOW,LOW,https://starkist.com | https://starkist.com/products | https://starkist.com/product,Verified from website text extraction,
Peter Pan Seafood Company - King Cove Facility,"Peter Pan Seafood Company, LLC","500 Cannery Row, King Cove, Alaska 99612, USA",https://aws.state.ak.us/OnlinePublicNotices/Notices/View.aspx?id=212418,Unknown,Unknown,Unknown,Unknown,LOW,LOW,LOW,LOW,https://aws.state.ak.us/OnlinePublicNotices/Notices/View.aspx?id=212418 | https://alaskaseafoodprocessors.com/index.php?facility&facility_id=kingcove_ppsf | https://www.seafoodsource.com/news/processing-equipment/peter-pan-closing-seafood-processing-facility-in-king-cove-for-alaska-pollock-a-season | https://aws.state.ak.us/OnlinePublicNotices/Notices/View.aspx?id=212418/products | https://aws.state.ak.us/OnlinePublicNotices/Notices/View.aspx?id=212418/product | https://aws.state.ak.us/OnlinePublicNotices/Notices/View.aspx?id=212418/our-products | https://aws.state.ak.us/OnlinePublicNotices/Notices/View.aspx?id=212418/certifications | https://aws.state.ak.us/OnlinePublicNotices/Notices/View.aspx?id=212418/certification,Verified from website text extraction,
Pacific Surimi – Newport,Pacific Seafood,"623 SW Bay Blvd, Newport, Oregon 97365, USA",https://www.pacificseafood.com/,Unknown,Unknown,Unknown,Unknown,LOW,LOW,LOW,LOW,,Website found but pages not extractable / too thin,
Pacific Shellfish – Willapa (Nahcotta),Pacific Seafood,"3602 E 273rd Street, Nahcotta, Washington 98637, USA",https://www.pacificseafood.com/,Unknown,Unknown,Unknown,Unknown,LOW,LOW,LOW,LOW,,Website found but pages not extractable / too thin,
Pacific Shellfish – Tillamook (Bay City),Pacific Seafood,"5150 Hayes Oyster Drive, Bay City, Oregon 97107, USA",https://www.pacificseafood.com/,Unknown,Unknown,Unknown,Unknown,LOW,LOW,LOW,LOW,,Website found but pages not extractable / too thin,
Pacific Shellfish – South Bend,Pacific Seafood,"1200 Robert Bush Drive, South Bend, Washington 98586, USA",https://www.pacificseafood.com/,Unknown,Unknown,Unknown,Unknown,LOW,LOW,LOW,LOW,,Website found but pages not extractable / too thin,
Pacific Shellfish – Quilcene,Pacific Seafood,"1601 Linger Longer Road, Quilcene, Washington 98376, USA",https://www.pacificseafood.com/,Unknown,Unknown,Unknown,Unknown,LOW,LOW,LOW,LOW,,Website found but pages not extractable / too thin,
Pacific Shellfish – Humboldt (Eureka),Pacific Seafood,"25 Waterfront Drive, Eureka, California 95501, USA",https://www.pacificseafood.com/,Unknown,Unknown,Unknown,Unknown,LOW,LOW,LOW,LOW,,Website found but pages not extractable / too thin,
Pacific Shellfish – Grays Harbor (Westport),Pacific Seafood,"1980 Nyhus St N, Westport, Washington 98595, USA",https://www.pacificseafood.com/,Unknown,Unknown,Unknown,Unknown,LOW,LOW,LOW,LOW,,Website found but pages not extractable / too thin,
Pacific Shellfish – Coos Bay,Pacific Seafood,"63226 Troller Road, Coos Bay, Oregon 97420, USA",https://www.pacificseafood.com/,Unknown,Unknown,Unknown,Unknown,LOW,LOW,LOW,LOW,,Website found but pages not extractable / too thin,
Pacific Seafood – Wrangell,Pacific Seafood,"1204 Zimovia Hwy, Wrangell, Alaska 99929, USA",https://www.pacificseafood.com/,Unknown,Unknown,Unknown,Unknown,LOW,LOW,LOW,LOW,,Website found but pages not extractable / too thin,
Pacific Seafood – Woodland,Pacific Seafood,"1635 Downriver Drive, Woodland, Washington 98674, USA",https://www.pacificseafood.com/,Unknown,Unknown,Unknown,Unknown,LOW,LOW,LOW,LOW,,Website found but pages not extractable / too thin,
Pacific Seafood – Westport,Pacific Seafood,"1980 Nyhus St N, Westport, Washington 98595, USA",https://www.pacificseafood.com/,Unknown,Unknown,Unknown,Unknown,LOW,LOW,LOW,LOW,,Website found but pages not extractable / too thin,
Pacific Seafood – Warrenton,Pacific Seafood,"450 NE Skipanon Dr, Warrenton, Oregon 97146, USA",https://www.pacificseafood.com/,Unknown,Unknown,Unknown,Unknown,LOW,LOW,LOW,LOW,,Website found but pages not extractable / too thin,
Pacific Seafood – Tacoma,Pacific Seafood,"1199 Dock Street, Tacoma, Washington 98401, USA",https://www.pacificseafood.com/,Unknown,Unknown,Unknown,Unknown,LOW,LOW,LOW,LOW,,Website found but pages not extractable / too thin,
Pacific Seafood – Spokane,Pacific Seafood,"17605 E Euclid Ave, Spokane Valley, Washington 99216, USA",https://www.pacificseafood.com/,Unknown,Unknown,Unknown,Unknown,LOW,LOW,LOW,LOW,,Website found but pages not extractable / too thin,
Pacific Seafood – Seward,Pacific Seafood,"200 Lowell Point Road, Seward, Alaska 99664, USA",https://www.pacificseafood.com/,Unknown,Unknown,Unknown,Unknown,LOW,LOW,LOW,LOW,,Website found but pages not extractable / too thin,
Pacific Seafood – San Antonio,Pacific Seafood,"3019 NE Loop 410, San Antonio, Texas 78218, USA",https://www.pacificseafood.com/,Unknown,Unknown,Unknown,Unknown,LOW,LOW,LOW,LOW,,Website found but pages not extractable / too thin,
Pacific Seafood – Salt Lake City,Pacific Seafood,"2655 S 1030 W, Ste D, West Valley City, Utah 84119, USA",https://www.pacificseafood.com/,Unknown,Unknown,Unknown,Unknown,LOW,LOW,LOW,LOW,,Website found but pages not extractable / too thin,
Pacific Seafood – Sacramento,Pacific Seafood,"1420 W National Drive, Sacramento, California 95834, USA",https://www.pacificseafood.com/,Unknown,Unknown,Unknown,Unknown,LOW,LOW,LOW,LOW,,Website found but pages not extractable / too thin,
Pacific Seafood – Portland (Clackamas),Pacific Seafood,"16797 SE 130th Ave, Clackamas, Oregon 97015, USA",https://www.pacificseafood.com/,Unknown,Unknown,Unknown,Unknown,LOW,LOW,LOW,LOW,,Website found but pages not extractable / too thin,
Pacific Seafood – Phoenix,Pacific Seafood,"402 South 63rd Ave, Phoenix, Arizona 85043, USA",https://www.pacificseafood.com/,Unknown,Unknown,Unknown,Unknown,LOW,LOW,LOW,LOW,,Website found but pages not extractable / too thin,
Pacific Seafood – Newport,Pacific Seafood,"213 SW Bay Blvd, Newport, Oregon 97365, USA",https://www.pacificseafood.com/,Unknown,Unknown,Unknown,Unknown,LOW,LOW,LOW,LOW,,Website found but pages not extractable / too thin,
Pacific Seafood – Mukilteo,Pacific Seafood,"4520 107th St SW, Mukilteo, Washington 98275, USA",https://www.pacificseafood.com/,Unknown,Unknown,Unknown,Unknown,LOW,LOW,LOW,LOW,,Website found but pages not extractable / too thin,
Pacific Seafood – Miami,Pacific Seafood,"4450 NW 36th Street, Miami, Florida 33166, USA",https://www.pacificseafood.com/,Unknown,Unknown,Unknown,Unknown,LOW,LOW,LOW,LOW,,Website found but pages not extractable / too thin,
Pacific Seafood – Los Angeles (Wilmington),Pacific Seafood,"605 N Flint Ave, Wilmington, California 90744, USA",https://www.pacificseafood.com/,Unknown,Unknown,Unknown,Unknown,LOW,LOW,LOW,LOW,,Website found but pages not extractable / too thin,
Pacific Seafood – Las Vegas,Pacific Seafood,"5845 W Wynn Road, Ste E, Las Vegas, Nevada 89118, USA",https://www.pacificseafood.com/,Unknown,Unknown,Unknown,Unknown,LOW,LOW,LOW,LOW,,Website found but pages not extractable / too thin,
Pacific Seafood – Kodiak,Pacific Seafood,"317 Shelikof Street, Kodiak, Alaska 99615, USA",https://www.pacificseafood.com/,Unknown,Unknown,Unknown,Unknown,LOW,LOW,LOW,LOW,,Website found but pages not extractable / too thin,
Pacific Seafood – Houston,Pacific Seafood,"15100 Grand Point Rd, Houston, Texas 77090, USA",https://www.pacificseafood.com/,Unknown,Unknown,Unknown,Unknown,LOW,LOW,LOW,LOW,,Website found but pages not extractable / too thin,
Pacific Seafood – Fresno,Pacific Seafood,"523 N Brawley Ave, Fresno, California 93706, USA",https://www.pacificseafood.com/,Unknown,Unknown,Unknown,Unknown,LOW,LOW,LOW,LOW,,Website found but pages not extractable / too thin,
Pacific Seafood – Eureka,Pacific Seafood,"1 Commercial Street, Eureka, California 95501, USA",https://www.pacificseafood.com/,Unknown,Unknown,Unknown,Unknown,LOW,LOW,LOW,LOW,,Website found but pages not extractable / too thin,
Pacific Seafood – Charleston,Pacific Seafood,"63501 Boat Basin Road, Charleston, Oregon 97420, USA",https://www.pacificseafood.com/,Unknown,Unknown,Unknown,Unknown,LOW,LOW,LOW,LOW,,Website found but pages not extractable / too thin,
Pacific Seafood – Brookings,Pacific Seafood,"PO Box 3205, Brookings, Oregon 97145, USA",https://www.pacificseafood.com/,Unknown,Unknown,Unknown,Unknown,LOW,LOW,LOW,LOW,,Website found but pages not extractable / too thin,
Pacific Fishing (Charleston),Pacific Seafood,"63501 Boat Basin Road, Charleston, Oregon 97420, USA",https://www.pacificseafood.com/,Unknown,Unknown,Unknown,Unknown,LOW,LOW,LOW,LOW,,Website found but pages not extractable / too thin,
Pacific Fabrication (Warrenton),Pacific Seafood,"1815 NW Warrenton Drive, Warrenton, Oregon 97146, USA",https://www.pacificseafood.com/,Unknown,Unknown,Unknown,Unknown,LOW,LOW,LOW,LOW,,Website found but pages not extractable / too thin,
Galveston Shrimp Company,Pacific Seafood,"8011 Harborside Drive, Galveston, Texas 77553, USA",https://www.pacificseafood.com/,Unknown,Unknown,Unknown,Unknown,LOW,LOW,LOW,LOW,,Website found but pages not extractable / too thin,
UniSea - Dutch Harbor Plant,"UniSea, Inc.","88 Salmon Way, Dutch Harbor, Alaska 99692-0008, USA",https://www.unisea.com/,"Multi-species seafood (Lobster, Crab, Scallop, Shrimp/Prawn, Cod)",Unknown,Unknown,"YES (Fish oil, Fishmeal, Rendering)",MEDIUM,LOW,LOW,HIGH,https://www.unisea.com | https://www.unisea.com/products | https://www.unisea.com/product,Verified from website text extraction,
