eic_approval_no,eic_plant_name,eic_address
1100,Naik Seafoods Pvt.Ltd.,"S.No.3A, H.No.3A/3B, At and Post Karla, Ratnagiri-415612"
1108,Alps Ice & Cold Storage Pvt. Ltd.,"No.30, APMC Yard, MAFCO Compound, Vashi, Navi Mumbai-400703"
1109,Silver Sea Food Unit-II,"Survey No. 24/2,Javarnaka, Porbandar -360575, Gujarat, India"
111,GADRE MARINE EXPORT,"Plot No. 3298 - A, Mirkarwada, Ratnagiri - 415612, Maharashtra, India"
1110,Vanita Cold Storage,"Somnath Road, Near Bhidia Bridge, Veraval, Gujarat-362267, India"
1117,Atlas Fisheries Private Limited,"H. No. 38/2, Survey No. 42/ 3 A, Dauji, Old Goa, North Goa, Goa-403402, India"
1120,Naik Oceanic Exports Pvt. Ltd.,"M-5, MIDC, Taloja, Dist-Raigad , Pin-410208, Navi Mumbai, Maharashtra, India"
1130,KARUNYA MARINE EXPORTS PVT. LTD.,"Survey No.42, Hissa No. 1 & 2, Rahatagar, Peth Killa, Ratnagiri-415612, Maharashtra,  India"
1131,TEJAL SEA FOODS,"SUPER GAS ROAD, JAWAR NAKA PORBANDAR-360575, GUJARAT, INDIA"
1132,Vasai Frozen Foods.,"Poman Village, Near Kaman, Vasai Bhiwandi Road, Tal-Vasai, Dist-Thane, Mumbai-401208, Maharashtra, India"
1133,Shree Datt Aquaculture Farms Pvt. Ltd.,"At & Post Talodh, Bilimora Taluka, Gandevi, Dist. Navsari Piin-396321, Gujarat, India"
1148,Keshodwala Foods (Unit - II),"Plot No. 306, G.I.D.C Estate, Veraval, 362269, Gujarat, India"
1168,"Dolphin Marine Foods & Processors (India) Pvt. Ltd.,","PLOT No.M-13, MIDC INDUSTRIAL ESTATE, TALOJA, DIST -  RAIGAD, PIN - 410208, MAHARSAHTRA, INDIA"
1170,Asha Ganga Exports.,"Plot No. 310/B, G.I.D.C. Estate, Veraval-362269, Gujarat, India"
1173,SIDDIQ SEA FOOD UNIT II,"All Weather Port Road, Bokhira, Porbandar-360575, Gujarat, India"
1192,Ulka Sea Foods Pvt. Ltd.,"Plot No. M-34/2, 35, MIDC,Taloja, Dist. Raigad, Maharashtra-410208, India"
1193,United Marine Products,"Plot No. L-28, Cuncolim, Industrial Estate, Cncolim, Salcete, Goa-403703, India"
1196,KAN VICTUAL PVT. LTD. UNIT-II,"R. S. No. 796, Paiki 1, All Weather Port Road, Bokhira, Porbandar-360575 , Gujarat, India"
1198,"QUALITY EXPORTS, UNIT-II","Plot No. SB 64, 65, 66 & 67, Cuncolim Industrial Estate, Cuncolim, Goa -403703, India"
1202,"Forstar Frozen Foods Pvt. Ltd. Unit-2,","Plot No.M-53 / 1, MIDC, INDUSTRIAL AREA, TALOJA,   DIST - RAIGAD -   410 208, MAHARASHTRA, INDIA"
1207,AKSHA FISH MEAL & OIL,"Survey No- 63, N.H 8E, Village- Gosa, Porbandar, Gujarart,India"
1214,PREMIER MARINE PRODUCTS,"PLOT NO. 1309, G.I.D.C., VERAVAL-362269, GUJARAT, INDIA"
1228,Deepmala Fisheries,"Plot No. 805, GIDC Estate, Veraval - 362269, Gujarat, India,"
1229,Ambar Exports,"Plot No. 610/2, G.I.D.C., Veraval - 362269, Gujarat, India,"
1232,Star Marine Products (Unit-II),"Plot No.613/2,G.I.D.C.
Estate,Veraval-362269, Gujarat, India"
1234,Gausia Cold Storage Pvt. Ltd.,"M-7, MIDC TALOJA, DIST. RAIGAD, MAHARASHTRA-410208, INDIA"
1239,S.C.S. IMPEX INTERNATIONAL,"PLOT NO. 200, 201/1, 201/2 & 212 G.I.D.C. ESTATE, VANANA, TA- RANAVAV, DIST: PORBANDAR â?? 360 575, GUJARAT, INDIA"
1240,Jalaram Kalidas Exports.,"Plot No. 1841/1, Nr. Bhidiya Bridge, Somnath Road, Veraval-362267, Gujarat, India"
1243,J.M.SEA FOODS,SURVEY NO.17983-4  NEAR GIDC UDHYOG NAGAR   PATAN ROAD VERAVAL 362269 GUJARAT  INDIA
1252,Packwell Craft Pvt. Ltd.,"PLOT NO. R-902,MIDC RABALE, TTC INDUSTRIAL AREA, THANE-BELAPUR ROAD, NAVI MUMBAI - 400701, MAHARASHTRA, INDIA"
1261,Seasaga Enterprises Private Limited - Unit II,"Plot No E-27,Taloja Industrial Area, Taluka Panvel, Raigad District,Maharashtra-410208,India"
1274,S.I.A. Impex,"Plot No.811, Opp. Hanswati Exports,G.I.D.C. estate, Verval, 362269, Gujarat, India,"
1280,Zenith Exports,"Plot No.317,G.I.D.C., Estate Veraval-362269, Gujarat, India,"
1281,PROGRESS FROZEN & FISH STERILIZATION,"Zavar Naka, Porbandar-360575,Gujarat,India."
1287,Shivganga Marine Products Unit-II,"Plot No.1314, G.I.D.C Estate, Veraval- 362269, Gujarat â?? India,"
1289,Real Frozen Foods,"Plot No.105/2,G.I.D.C.,Estate, Veraval-362269,Gujarat,India,"
1290,Sun Marine Export,"Plot No. 1312, G.I.D.C Estate, Veraval-362269, Gujarat, India"
1303,DIGHA SEAFOOD EXPORTS PVT. LTD.,"Unit No. 7, International Seafood Processing Centre, Benfish Complex, Chakgaria, Budher Hat, 24 Parganas (South), Kolkata-700094, West Bengal"
1305,BASU INTERNATIONAL (UNIT III),"34, CHAULPATTI ROAD, KOLKATA-700010, WEST BENGAL"
1311,SWARNALI EXPORTS,"DIGHRA, P.O.DUTTAPUKUR, P.S. ASHOKENAGAR, NORTH 24 PGS WEST BENGAL- 743248, INDIA"
1315,ESSEX MARINE PRIVATE LIMITED,"Village - Kuliatta, PO & PS : Ramnagar, Dist.: Purba Midnapur, Pin - 721441, West Bengal"
1318,Padmashree Export,"Plot No 274, Champajhara, P.O.Malpada-752018, Dist::Khordha, Odisha"
1319,RUPSHA FISH PRIVATE LIMITED,"RUIYA, P.O.: PATULIA, P.S.: KHARDAH, DIST: 24 PARGANAS(N), KOLKATA, WEST BENGAL-700119"
1326,TRADE IMPEX,"Vill & PO - Newsha, PS - Diamond Harbour, South 24 Parganas, West Bengal- 743368"
1327,Falcon Marine Exports Ltd.,"NH5, Khantapada, Kasbajaypur, Dist- Balasore, Odisha, Pin-756043"
1359,BASU INTERNATIONAL (UNIT V),"JAGAIBASAN, P.O- DIGHA, DIST- PURBA MEDINIPUR, PIN-721428, WEST BENGAL"
1363,NDM SEAFOOD PROCESSORS AND EXPORTERS PRIVATE LIMITED,"Hosennabad Village, Mogra, Hooghly - 712148, West Bengal"
1366,"Orchid Marine Export pvt. Ltd,","KHALADIHA,NO.1,BADASIMULIA,BALIAPAL,BALASORE-756026,ODISHA"
1370,Bhimraj Export,"BADAPOKHARIA,PO-NILAGIRI-PATANA,PS-NIRAKARPUR,KHURDA,ODISHA-752019"
1373,SHNAKHA DEEP EXPORTS PRIVATE LIMITED(UNIT_II),"CHONDIGORI, BADU, NORTH 24 PARGANAS, KOLKATA-700128, WEST BENGAL"
1383,GADRE MARINE EXPORT PRIVATE LIMITED,"Surimi Unit, Salt Road, Tundara, PO Inchudi, Remuna Block, Balasore 756021, Odisha."
146,Rahul Foods (Goa),"Next to Government Fish Farm, Dauji, Ela, Old-Goa, Goa-403402, India"
1512,Janatha Fish Meal & Oil Products,"Manoor Fisheries Road,Kota-576221, UdupiDist,Karnataka"
1521,M/s Seafood Innovations,"Kodamthuruthu, Kuthiathode P.O., Cherthala, Alappuzha Dist., 688538, Kerala"
1523,DOLPHIN WIRES PRIVATE LIMITED,"AP II/722, INDUSTRIAL ESTATEAROOR, ALAPPUZHA-688534KERALA, INDIA"
1525,International Freezfish Exports (Unit 1),"A P II/ 810, Industrial Estate, Aroor- 688534, Alleppey Dist. Kerala"
1526,United Marine Products,"Door No.1-1/20, Sea Road, Kotepura, Mangalore, Ullal-575020,"
1546,Ullal Fish Meal & Oil Company,"D.No.1-19/ISeaRoad,Kotepura,Ullal, Mangalore-575020"
1549,EMINENT SEAFOODS PVT LTD,"16/1127A, PLOT NO.9, COCHIN FISHERIES HARBOUR , THOPPUMPADY ,COCHIN -682005"
1556,AUTHENTIC OCEAN TREASURE,"Plot No. 1P-63A, M.S.E.Z., Mangalore Karnataka, Pin- 574142"
1559,BarakaOverseasTraders,"P.B.No.1204,BeachRoad,UllalDakshina, Kannada, Mangalore, Karnataka-575020."
1561,AL BADR SEAFOODS PVT. LTD. (UNIT-II),"PLOT NO. 33 B, CSEZ,KAKKANAD, COCHIN-682037, KERALA"
1563,"Raj Fishmeal and Oil Company – Unit-II,","D.No 1-23B, 3rdCross Malpe, Madhwaraj Road Malpe, Udupi District, Karnataka -576108."
1581,NAS FISHERIES PRIVATE LIMITED,"16/1712, Old No.22/1173-A  NH.47,EDAKOCHI,KOCHI-682010,KERALA,INDIA"
1583,Yashaswi Fish Meal and Oil Company- Branch 1,"Plot No IP-25A, Mangalore SEZ Permude Village, Mangalore Dakshina Kannada Karnataka-574509"
1585,Sterling Foods Unit-2,"Door No:2-157-1-A&B, Sasihithlu,Dakshina Kannada, Mangalore,Karnataka-574146"
1587,Mangalore Fish Meal & Oil Company,"Door No. 1-1-22 & 22 (1), Sea Road,Kotepura,Ullal,Mangalore-575020, Karnataka."
1594,YASHASWI FISH MEAL AND FISH OIL COMPANY BRANCH: 3,"D No 16-150 20, S.No.433/1, Plot No.20,  Shivalli Industrial Area, Manipal, Udupi, Karnataka-576104"
1601,"ACCELERATED FREEZE DRYING  COMPANY LIMITED,(UNIT-2)","FROZEN FOODS PLANT,14/418,THURAVOOR-KUMBALANGI ROAD,EZHUPUNNA ,CHERTHALA, ALAPPUZHA-688537"
1612,GOLDMARINE EXPORTS PVT.LTD,"SNDP JUNCTION
THURAVOOR P.O, KUTHIYATHODE
ALAPPUZHA DIST.688532
KERALA"
1613,"FRONTLINE EXPORTS PVT.LTD.,UNIT-2","INDUSTRIAL ESTATE , AROOR, ALAPPUZHA , KERALA -688 534"
1614,AVANTNATURE FOODS PRIVATE LIMITED,"VASANTHANARASAPURA INDUSTRIAL AREA, INDIA  FOOD PARK PHASE 3 KORA HOBLI  TUMKUR, TUMAKURU, KARNATAKA, 572138"
1800,APEX FROZEN FOODS LIMITED,"3-160,Panasapadu,Kakinada-533005,Andhra Pradesh"
1819,SURYAMITRA EXIM PVT. LTD.,"R.S No. 130, Yanamadurru Village, Bhimavaram Mandal, West Godavari District-534239, Andhra Pradesh"
1829,"Britto Seafoods Exports PVT.,LTD.","NO. 4/1 Balakrishnan street, Tondiarpet, Chennai - 600 081"
1836,MUNNANGI SEA FOODS PVT. LTD.,"Sy. No. 475, Jarugumalli (Post & Mandal), Prakasam District-523276, Andhra Pradesh"
1839,CRYSTAL SEA FOODS PRIVATE  LIMITED,"Sy.No : 233/3B, 234/2, 261/3A,  Challareddy palem (P), Nayuni Palli(Rev V), Near Potti Subbaiah Palem (V), Vetapalem(M), Prakasam (D), Andhra Pradesh-523187"
1840,BABY MARINE (EASTERN) EXPORTS (UNIT II),"DOOR NO. 341, SURVEY NO. 85/2A1, 85/2AC1, MANDAPAM, RAMANATHAPURAM DISTRICT-623518, TAMILNADU, INDIA."
1844,ABAD OVERSEAS PVT.LTD.,"SY.No.157/1, Amudalapalli Village, Nizampatnam (Mandal), Guntur District, Andhra Pradesh-522314, India."
1848,Arjuna Natural Private Limited,"15/4B, Sirambarayampalayam Road, Sennappachetty Pudur Post, Karumatham patty (Via), Coimbatore-641059"
1855,NEELI AQUA PRIVATE LIMITED,"Vipparlavaripalem Village, Near Korisapadu NH-5, Addanki Mandal,Prakasam District,Andhra Pradesh -523 212"
1856,Naga Hanuman Fish Packers Unit-1,"Survey No.71p & 73p Palavalasa Village,Anandapuram Mandal,Visakhapatnam-530052,Andhrapradesh"
1865,JACK-VIN SEAFOODS,"S.F.No.S.No.91 Park, (Plot No.100, 101 and 102), Old S.No. 46, Pachayankuppam Village, Cuddalore District-607003,Tamil Nadu"
1880,ANI EXPORTS,"R.S No. 28/2 Cuddalore, Tollgate, Ariyankuppam, Pondicherry-605007"
1885,SURYA SEA FOOD EXPORTS UNIT-I,"6/33 A5, Annai Theresa Nagar, Tharuvaikulam Village, Tuticorin - 628105"
1887,AKSHAY FOOD IMPEX PVT LTD,"R S NO 490/1&2 PAMARRU(V) PAMARRU(M) KRISHNA DISTRICT-521157 ANDHRA PARADESH, INDIA"
1888,"Devi Fisheries Limited, Unit-5","12-274, Seethanagaram  Village, Jaggampeta Mandal, Kakinada, Andhra Pradesh-533435"
1892,GLADSON EXPORTERS UNIT-II,"5/218 JAMES NAGAR, 
MUTTOM-629202, KANYAKUMARI DISTRICT, 
TAMIL NADU."
1894,AISHWARYA IMPEX,"NO:136, SOMESWARAM VILLAGE ALAPADU POST,KAIKALURU MANDAL KRISHNA DISTRICT-521340 ANDHRA PRADESH"
1904,THARANGINI  SEA FOODS,"4/210,MGR ROAD,PALAVAKKAM,CHENNAI"
1906,AVR MARINE PRIVATE LIMITED,"R.S.NO.60/3B, Thirupathipuram Attili Mandal,West Godavari District ,Andhra Pradesh -534134 ,India"
1907,KANANU EMIPRE PRIVATE LIMITED,"Door no:15-222/19/4, Balapur ward,nearRCI road,Hyderabad-500005 Telangana"
1936,Devi Fisheries Limited,"Plot No : D4, Sy.Nos : 208, Ponnada, U.Kothapalli Mandal, East Godavari District, Pin Code :- 533448,Andhra pradesh"
1942,V B Medicare Pvt. Ltd,"Plot  No 59, 61, 62, 63, 66A & 67,SIPCOT Ind Area Phase â??II
Krishnagiri  Main Road, Hosur 635 109     (T N)"
1946,SANDHYA AQUA EXPORTS PRIVATE LIMITED,"KSEZ,R.Sy No.208,Plot No,D5-D6,Ponnada Village,U.Kothapalli Mandal,Kakinada,East Godavari District,Andhra Pradesh-533448"
1951,KANNAN MARINE FOODS,"PLOT NO: 42, T.T.S.NAGAR, THIRUVERKADU,        CHENNAI - 600077."
1952,DEVI SEA FOODS LIMITED (UNIT-II),"SY.NO.80/5, 81/1 A, 
MULAGUNTAPADU(V),
SINGARAYAKONDA-523101 PRAKASAM DISTRICT, ANDHRA PRADESH, INDIA"
1958,Sai Primus Life Biotech Pvt. Ltd,"R.S.No.4/3, Plot No. 33, Kurumapet Industrial Estate, Villianur Commune, Puducherry- 605009"
1965,GREAT INDIAN SEA FOODS,"S.NO: 457/2 Part ,PLOT No. 349-352, THANJAI SENGUNDAR NAGAR, VILANGADUPAKKAM"
1972,M/S. MEKWORLD MARINES AND EXPORTS PRIVATE LIMITED,"S. No: 382/1, 2,3, Agarru Road, Agarthipalem Village,
Palakollu Mandal, West Godavari District, 
Andhra Pradesh, India. Pin code: 534260."
1973,Deva Sea Food Unit- 1,"3/12E Bye Pass Road, Madathur, Tuticorin-628101, Tamil Nadu"
1974,Devi Sea Foods Limited (Unit-3),"R.S.No. 741/2P, 742/3P, 745/6P, 7P&8P,746/3P&4P Peravali Road, Tanuku 534211, West Godavari District, Andhra Pradesh, India"
1978,"DEVI FISHERIES LIMITED, UNIT-6","12-275, SEETHANAGARAM VILLAGE, JAGGAMPETA MANDAL,KAKINADA DISTRICT, ANDHRA PRADESH-533435"
1987,SANDHYA MARINES LIMITED,"R.S.NO. 117, 118, 119 127 & 130
POOLAPALLI VILLAGE, 
PALAKOLE MANDAL,
WEST GODAVARI DISTRICT - 534 250, ANDHRA PRADESH, INDIA"
1999,SAI MARINE EXPORTS PVT. LTD.,"S.No.247 & 248, Narayana Reddy Peta, Nellore Rural & Mandal, SPSR Nellore District- 524 314, Andhra Pradesh"
204,K. R. Sea Foods Pvt. Ltd.,"Plot No. 1006/1007, GIDC Estate, Veraval-362269, Gujarat, India"
214,Indian Exports,"Plot No.1316/1-2, G.I.D.C. Estate, Veraval-362269, Gujarat-India"
222,Ulka Seafoods Pvt. Ltd. (Unit- II),"Orgao Marcela, Goa 403107, India"
224,Corlim Marine Exports Pvt. Ltd,"Plot No. 25-32, Phase III- B, Sancoale Industrial Estate, Zuari Nagar,Goa- 403726, India"
234,HMG Industries Limited,"C-21/6,TTC Industrial Area, Pawne MIDC,Thane-Belapur Road, Vashi, Navi Mumbai, Maharashtra-400703,India"
238,Bhavani Sea Foods,"Plot No.12/13, Fisheries Harbour, Bhidiya Plot, Veraval-362267, Gujarat, India"
252,Amison  Fisheries Limited,"279/37 A1 & A2, AT & Post Kelethar, Tarkarli Road, Malvan , Dist -Sindhudurg, Maharashtra- 416606"
2607,Sun International,"Plot No. 1403, GIDC Estate, Veraval-362269, Gujarat, India"
2608,J M Sea Foods,"Plot No.315 & 316, GIDC Estate, Veraval-362269, Gujarat, India"
2612,Salet Seafoods Private Limited -Unit I,"Plot No 46 to 67, GIDC Industrial Estate, Vanana, Porbandar -360550, Gujarat, India"
2623,Elaf Cold Storage Plant -1,"Plot No. M-63 and M-64, MIDC Taloja,Tal. Panvel, Dist.Raigad, Maharashtra 410208"
2624,Elaf Cold Storage Plant - 2,"Plot No. M-63 and M-64, MIDC Taloja,Tal. Panvel, Dist.Raigad, Maharashtra 410208"
2627,OM DARSHAN MARKETING PRIVATE LIMITED,"Plot.No.232 A, Road No. 21Y, Wagle Industrial Estate, Thane West 400604 Maharashtra"
264,AmarSagar Seafood Pvt. Ltd.,"Survey No.29, Jawar Naka, Porbandar-360575, Gujarat, India."
278,Seasaga Enterprises Private Limited,"PLOT NO. R-25 & R-26, TTC INDUSTRIAL AREA, RABALE , NAVI MUMBAI - 400701, MAHARASHTRA, INDIA"
332,FALCON MARINE EXPORTS LTD.,"PLOT NO.138,SECTOR-A,ZONE-B,MANCHESWAR INDUSTRIAL ESTATE,BHUBANESWAR-751010,ODISHA"
343,BIJAYA MARINE PRODUCTS,"ATHARANALA,PATNA,GOPINATHPUR,PURI,752002,ODISHA"
364,MMC EXPORTS LIMITED,"Choto Paresh Baro Paresh Mahishbathan, Salt Lake  Sector V- 700091, West Bengal, INDIA"
370,RAM’S ASSORTED COLD STORAGE LTD.,"ARAKHAKUDA, AT/PO â?? TELENGAPENTHA, CUTTACK â?? 753051, ODISHA"
392,Calcutta Seafoods Private Limited,"174, Hemanta Basu Sarani, Basunagar, Madyamgram, Kolkata â?? 700129, West Bengal, India"
395,Laxminarayan Exports,"34 & 35, Industrial Estate, Paradeepgarh, Paradeep, Jagatsinghpur-754141, Odisha"
396,SK EXPORTS PRIVATE LIMITED,"21, CHANDAKA INDUSTRIAL COMPLEX, PATIA, KIIT CAMPUS, BHUBANESWAR, 751024, ODISHA"
449,SADAF SEA FOODS,"UNIT NO. 5, I.S.F.P.C., CHAKGARIA, KOLKATA - 700094, WEST BENGAL"
458,Shimpo Exports Private Limited,"Unit No. III, ISFPC, Chakgaria, Boodherhat, Kolkata- 700094, West Bengal, India"
459,TEEKAY MARINE PVT. LTD,"PLOT NO.58, CHANDAKA INDUSTRIAL ESTATE, PO-KIIT, PATIA, BHUBANESWAR-751024, Odisha"
469,MAGNUM SEA FOODS LIMITED,"AT: BOTANDA, P.O./P.S.: JANKIA, DIST: KHURDA, PIN-752019, ODISHA"
470,UNITRIVENI OVERSEAS,"PLOT NO.150,CHAMPAJHAR,P.O.MALIPADA, DT-KHURDA, PIN-752018"
477,IFB AGRO INDUSTRIES LTD.,"Plot No. IND-5, Sector-1, East Kolkata Township, Kolkata-700107, West Bengal, India."
478,Z. A. SEA FOODS PVT. LTD.,"UNIT NO-9, BENFISH COMPLEX I.S.F.P.C, CHAKGARIA, 24 PARGANAS (SOUTH), KOLKATA-700094, WEST BENGAL"
492,MILSHA AGRO EXPORTS PVT. LTD.,"UNIT NO. 1, I.S.F.P.C., BENFISH COMPLEX, CHAKGARIA, KOLKATA-700094, WEST BENGAL, INDIA"
496,N.C. DAS & CO.,"VILL & P.O.: ADAMPUR, P.S. : HAROA, DIST. : 24 PGS (N), WEST BENGAL."
520,Capithan Exporting Company,"Port Road,Sakthikulangara P.O., Kollam-691581,Kerala"
521,THE CANNING INDUSTRIES COCHINLTD,"EDACOCHIN P.O.,KOCHI-682010 KERALA, INDIA"
594,STERLING FOODS,"Sasihithlu, Haleangadi P.O., Mangaloe- 574146,Karnataka"
626,Abad Fisheries Private Limited (Unit-III),"VII/29-34, Vizhinjam, Thiruvananthapuram-695525, Kerala."
635,FREEZE EXIM,"AP 1/160, AROOR,ALAPPUZHA DIST.-688534, KERALA, INDIA"
658,COCHIN FROZEN FOOD EXPORTS PVT. LTD.,"Arookutty Ferry Road, Aroor, Pin-688534, Alappuzha, Kerala"
662,Silver Star Seafoods Ltd.,"X1/64, Anwar Palace,Chandiroor P.O ,Alappuzha,Kerela,India-688547"
664,Seaboy Fisheries Pvt. Ltd.,"KP VI-1019, Puthenthope, Trivandrum-695586, Kerala, India"
683,Torry Harris Seafoods Private Ltd.,"V /143A, P.B. NO. 2, Eramalloor P.O.,     Alleppey â?? 688537, Kerala"
696,RF EXPORTS,"ERAMALLOOR, ALAPPUZHA-688537, KERALA"
730,ABAD FISHERIES PVT LTD(UNIT VII),"1/99,PALLIPURAM P.O,MUNAMBAM-683515,KERALA,INDIA"
735,INTERNATIONALFREEZFISH EXPORTS (UNIT-II),"A.P.II/809 A,CHEMICALINDUSTRIAL ESTATEAROOR-688534,ALAPPUZHAAROOR-688534,ALAPPUZHA"
736,BABY MARINE SARASS,"Plot No. 7B, Industrial Area, Baikampady, New Mangalore – 575011, Karnataka"
737,Charly Fisheries,"Mamachanthuruth, Building No. 291,Ward No. NGP-5, Neendakara, Kollam, Kerala-691582"
742,HIC-ABF Special Foods Pvt Ltd,"Industrial Development Area Project Colony Road Aroor -688534 Alappuzha Dist.,Kerala"
766,PREMIER MARINE FOODSUNIT II,"DOOR NO.314,315&316,Suvery No.74/3D,Ward IXChandiroor,Alappuzha688547"
768,TOLAR OCEAN PRODUCTS PVT. LTD.,"Manur Fisheries Road, Kota-576221 Udupi Taluk & District, Karnataka, India"
770,H.T Foods Pvt Ltd,"Plot No.17/SDF, Ground Floor, Unit 3&4 , CSEZ, Kakkanad, Kochi-682037"
771,ROYAL OCEANS,"AP XII/528, OLD NH, CHANDIROOR P O,ALAPPUZHA DISTRICT-688547KERALA, INDIA"
773,Bangera Overseas Private Limited,"Koravadi cross-Kumbhashi Village, Kundapur,Taluk-576257,Udupi District, Karnataka,India"
779,Everest Seafoods Pvt Ltd,"Plot No-414 & 413 Part(S.No. 16 Portion) Industrial Area, Baikampady, Mangalore-575011, Karnataka, India"
806,SRIKANTH INTERNATIONAL PRIVATE  LIMITED,"D.NO: 3-143, Someswaram Village, Alapadu Post, Kaikaluru Mandal, Krishna District, Andhra Pradesh-521340, India"
808,BRITTO SEAFOODS EXPORTS PRIVATE LIMITED,"C-1, Part, SIPCOT Industrial Complex, Madathoor Post,Tuticorin -628008,           Tamil Nadu."
810,DEVI SEAFOODS LIMITED,"3-79/2, MOOLAGUNTAPADU, G.T.ROAD,
SINGARAYAKONDA-523 101,
PRAKASAM DISTRICT, ANDHRA PRADESH"
812,PHILLIPS FOODS INDIA PVT LTD,"C-75/76,Sipcot Industrial Complex,Madathoor P.O.,Tuticorin-628 008 Tamil Nadu"
820,MARIA AQUACON PVT. LTD.,"#1 Maria Tower, Main Road, Kootapuli-627127, Tamil Nadu"
823,STAR AGRO MARINE EXPORTS PVT.LTD.,"S.NO. 760-1 & 761 , Devispet, Indukurpet Mandal,Nellore  - 524314  Andhra Pradesh"
827,GLADSON EXPORTERS,"5/99 James Nagar, Muttom-629202, Kanyakumari District, Tamil Nadu"
833,NINANS PRIVATE  LIMITED,"C-76B, SIPCOT Industrial Complex,Madathur, Tuticorin-628008,Tamil Nadu"
834,JUDE FOODS INDIA PRIVATE LIMITED,"230/1, NORTH THAMARAIKULAM, AGASTHEESWARAM , KANYAKUMARI DISTRICT , TAMIL NADU-629704."
839,KADER EXPORTS PRIVATE LIMITED UNIT 05,"TNFDC FREEZING COMPLEX, MANDAPAM - 623518, RAMNAD DISTRICT, TAMIL NADU"
842,SANDHYA MARINES LIMITED UNIT-II,"Door No. 4-300, Poolapalli Village, Palakole Mandal, West Godavari District - 534261, Andhra Pradesh, India"
844,"BRITTO SEAFOODS EXPORTS PRIVATE LIMITED, UNIT-II","C-1, Part Sipcot Industrial Complex, Madathur Post,Tuticorin District,Tamil Nadu-628008."
854,KINGS INTERNATIONAL LIMITED,"Unit No. B7, B8 (A) & B10, Tuticorin Co - Operative Industrial Estate Ltd., Korampallam, Tuticorin - 628101, Tamilnadu"
857,DEVI FISHERIES LIMITED,"3-510,SARPAVARAM, KAKINADA-533005,Andhra Pradesh,India."
862,VV MARINE PRODUCTS,"1/69,Agaram Village, Palayakayal Post, Srivaikundam Taluk, Tuticorin District-628152,Tamilnadu"
869,Sprint Exports Pvt Ltd,"Vellanki village Boddapalem post Anandpuram mandal, Visakhapatnam -531163"
871,AQUA WORLD EXPORTS (PVT.) LTD.,"Meenanchel, Padanthalumoodu, Kaliakkavilai, Kanyakumari District, Tamil Nadu-629153."
876,AQUA WORLD EXPORTS PVT. LTD.,"No.6, East Kalmandapam Road, Royapuram, Chennai - 600 013"
878,UNILOIDS BIOSCIENCES PRIVATE LIMITED,"D.NO-5-138,SEESALI VILLAGE,KALLA MANDAL BHIMAVARAM,WEST GODAVARI DISTRICT,ANDHRA PRADESH-534237"
882,Nekkanti Sea foods Limited,"Marikavalasa, Paradesipalem Village, Visakhapatnam-531163, Andhra Pradesh"
897,Kader Exports Private Limited Unit-02,"4-139,Pedamiram,Bhimavaram-534204 West Godavari District,Andhra Pradesh"
913,COASTAL CORPORATION LIMITED UNIT-II,"Survey no 87, P.Dharmavaram Village, S.Rayavaram Mandal, Visakhapatnam -531055, Andhra Pradesh"
914,KAUSHALYA AQUA MARINE PRODUCT EXPORTS PVT. LTD,"No. 4/209, M.G.R Road, Palavakkam, Chennai-600041,Tamil Nadu"
915,K.V. MARINE EXPORTS,"1/30, Bajanai Koil Street, Padur Village, Kelambakkam, Kancheepuram District-603103, Tamil Nadu."
916,DEVI SEA FOODS LIMITED,"No.10-16-52, NH-16 (Old NH-5), Peravali Road,Tanuku - 534211, West Godavari District, Andhra Pradesh, India"
920,Asvini Fisheries Private Limited,"R.S.NO.626/1,Dirusumarru Road,P.B.No.52,Bhimavaram,West Godavari District-534239,Andhra Pradesh"
922,PHILLIPS FOODS INDIA PVT LTD,"C-75/76,Sipcot Industrial Complex,Madathoor P.O.,Tuticorin-628 008,Tamil Nadu"
927,ANJANEYA SEAFOODS,"6-122 A, North Rajupalem Village, Kodavaluru Mandal, Nellore District -524366, Andhra Pradesh"
928,"JAYALAKSHMI SEAFOODS PVT. LTD., UNIT-II","R. S.No.267/2 & 275/2, Seesali Village, Kalla Mandal, Bhimavaram-534237, West Godavari District, Andhra Pradesh"
934,WELLCOME FISHERIES LIMITED,"Old No.1/409(New No:4-46),Vandram Village, Undi Mandal,Bhimavaram-534 199"
939,NILA SEA FOODS PVT LTD,"137, PUDURPANDIAPURAM, TUTICORIN -628 002."
941,THEVA & CO,"5/55,                    SENTHILAMPANNAI, PUDUKOTTAI,                       TUTICORIN-628103"
946,SANDHYA MARINES LIMITED,"Door No. 4-295, Poolapalli Village, Palakole Mandal, West Godavari District - 534261, Andhra Pradesh, India"
950,HANDY WATERBASE INDIA (P) LTD,"Plot No.C-3 SIPCOT INDUSTRIAL COMPLEX,MADATHUR,TUTICORIN -628008"
955,KADER EXPORTS PRIVATE LIMITED,"D. No. 1-3/1 to 6, Gollalakoderu, Palakoderu (M), Bhimavaram, West Godavari District, Andhra Pradesh- 534202"
959,EDHAYAM FROZEN FOODS PVT.LTD.,"4/91-A&B, MARAVANMADAM VILLAGE, PUDUKOTTAI, TUTICORIN 628103, TAMILNADU."
975,KADER EXPORTS PRIVATE LIMITED UNIT 04,"2/91, PATTINAMARUTHUR VILLAGE, THARUVAIKULAM POST, TUTICORIN - 628105, TAMIL NADU."
976,"KADER EXPORTS PRIVATE LIMITED, Unit 03","""A"" Block I.D.A, Autonagar, Visakhapatnam, Andhra Pradesh-530012, India"
990,DEVI FISHERIES LIMITED,"2-159, APSP Camp, Panasapadu, Kakinada-533005, Andhra Pradesh"
CHE/FFP/02728,"Sandhya Aqua Exports Pvt. Ltd., Unit-II","NH-65, Kurumaddali Village, Pamarru Post & Mandal Krishna District, Andhra Pradesh - 521157"
CHE/FFP/02741,GODAVARI MEGA AQUA  FOOD PARK  PRIVATE LIMITED,"R.S. No. 799,Tundurru Village,
Bhimavaram Mandal,West Godavari District,Andhra Pradesh,India,PIN-534207."
CHE/FFP/02744,MOURYA AQUEX PRIVATE LIMITED,"1-330/1, Komarada Road, Rayalam Village, Bhimavaram-534208, West Godavari District, Andhra Pradesh, India"
CHE/FFP/02784,M/s. Satish Marine Exim Private Limited,"Dammanavaripalem Village & Post, Karlapalem Mandal, Guntur District-522111, Andhra Pradesh"
KOC/FFP/02587,Nettos Marine Exports,"V/551, Neendakara, Kollam, Kerala, India, Pin -691582"
KOC/FFP/02694,Beloorbayir Biotech Ltd.,"10,13th Crioss, 34th Ward37th Main, DoddannaIndustrial Estate, NearPeenya 2nd Stage,Bangalore 560091"
KOC/FFP/02701,GADRE MARINE EXPORT PRIVATE LIMITED - BRANCH 9,"Surimi Unit, Plot No. IP-32 & IP-33, Mangalore Special Economic Zone, Bajpe Post & Village, Mangaluru Taluk, Dakshina Kannada District-574142, Karnataka, India."
KOC/FFP/02702,GADRE MARINE EXPORT PRIVATE LIMITED - BRANCH 8,"Fish Meal & Fish Oil Unit, Plot No.IP-32 &IP-33, Mangalore Special Economic Zone, Bajpe Post & Village, Mangaluru Taluk, Dakshina Kannada District-574142, Karnataka, India."
KOC/FFP/02739,Yashaswi Fish Meal and Oil Company-Branch:2,"Plot No IP-25A,PartII,PermudeVillage, Mangalore SERZ, Dakshina Kannada,Karnataka-574509."
MUM-PP-08,Hiravati Marine Products Pvt. Ltd. ( Independent Pre-Processing Plant),"Jawar Naka, Porbandar-360575, Gujarat, India."
MUM/FFP/02565,Rahemat Fish Centre,"Plot No. 812, G.I.D.C., Estate, Somnath Road,Veraval - 362 269, Dist. Gir Somnath, Gujarat, India"
MUM/FFP/02597,H.H. Marine.,"Plot No. 19, Survey No. 1788/1, Near Win Marine Exports, Veraval-362269, Gujarat, India"
